neighborhood,img_name,pixel_count,pixel_proportion
BMA A,BMA A T10E_Edited2.PNG,423898,21.04411
BMA A,BMA A T10N_Edited2.PNG,210846,10.4673
BMA A,BMA A T10S_Edited2.PNG,364083,18.07464
BMA A,BMA A T10W_Edited2.PNG,698168,34.66004
BMA A,BMA A T1E_Edited2.PNG,13688,0.67953
BMA A,BMA A T1N_Edited2.PNG,3587,0.17807
BMA A,BMA A T1S_Edited2.PNG,110315,5.47651
BMA A,BMA A T1W_Edited2.PNG,78766,3.91028
BMA A,BMA A T2E_Edited2.PNG,103755,5.15084
BMA A,BMA A T2N_Edited2.PNG,62831,3.1192
BMA A,BMA A T2S_Edited2.PNG,346183,17.186
BMA A,BMA A T2W_Edited2.PNG,109632,5.4426
BMA A,BMA A T3E_Edited2.PNG,261653,12.98957
BMA A,BMA A T3N_Edited2.PNG,186486,9.25796
BMA A,BMA A T3S_Edited2.PNG,527674,26.19599
BMA A,BMA A T3W_Edited2.PNG,144062,7.15185
BMA A,BMA A T4E_Edited2.PNG,17798,0.88357
BMA A,BMA A T4N_Edited2.PNG,46235,2.2953
BMA A,BMA A T4S_Edited2.PNG,11514,0.5716
BMA A,BMA A T4W_Edited2.PNG,23217,1.15259
BMA A,BMA A T5E_Edited2.PNG,23684,1.17577
BMA A,BMA A T5N_Edited2.PNG,130491,6.47813
BMA A,BMA A T5S_Edited2.PNG,224473,11.1438
BMA A,BMA A T5W_Edited2.PNG,175493,8.71222
BMA A,BMA A T6E_Edited2.PNG,292512,14.52155
BMA A,BMA A T6N_Edited2.PNG,329200,16.34289
BMA A,BMA A T6S_Edited2.PNG,412003,20.45359
BMA A,BMA A T6W_Edited2.PNG,121592,6.03635
BMA A,BMA A T7E_Edited2.PNG,14366,0.71319
BMA A,BMA A T7N_Edited2.PNG,85694,4.25422
BMA A,BMA A T7S_Edited2.PNG,134037,6.65417
BMA A,BMA A T7W_Edited2.PNG,148830,7.38856
BMA A,BMA A T8E_Edited2.PNG,88753,4.40608
BMA A,BMA A T8N_Edited2.PNG,128241,6.36643
BMA A,BMA A T8S_Edited2.PNG,143319,7.11497
BMA A,BMA A T8W_Edited2.PNG,189301,9.39771
BMA A,BMA A T9E_Edited2.PNG,39172,1.94467
BMA A,BMA A T9N_Edited2.PNG,151541,7.52314
BMA A,BMA A T9S_Edited2.PNG,11161,0.55408
BMA A,BMA A T9W_Edited2.PNG,53799,2.67081
BMA B,IMG_4613_Edited2.PNG,19547,0.9704
BMA B,IMG_4614_Edited2.PNG,61275,3.04195
BMA B,IMG_4615_Edited2.PNG,112042,5.56224
BMA B,IMG_4616_Edited2.PNG,10248,0.50875
BMA B,IMG_4617_Edited2.PNG,73749,3.66122
BMA B,IMG_4618_Edited2.PNG,98823,4.906
BMA B,IMG_4619_Edited2.PNG,91850,4.55983
BMA B,IMG_4620_Edited2.PNG,60440,3.0005
BMA B,IMG_4621_Edited2.PNG,20351,1.01031
BMA B,IMG_4622_Edited2.PNG,1120924,14.36847
BMA B,IMG_4623_Edited2.PNG,95909,4.76133
BMA B,IMG_4624_Edited2.PNG,66262,3.28953
BMA B,IMG_4625_Edited2.PNG,37598,1.86653
BMA B,IMG_4626_Edited2.PNG,64965,3.22514
BMA B,IMG_4627_Edited2.PNG,83538,4.14718
BMA B,IMG_4628_Edited2.PNG,112459,5.58295
BMA B,IMG_4638_Edited2.PNG,242889,12.05805
BMA B,IMG_4639_Edited2.PNG,57380,2.84859
BMA B,IMG_4640_Edited2.PNG,43768,2.17283
BMA B,IMG_4641_Edited2.PNG,69119,3.43136
BMA B,IMG_4642_Edited2.PNG,103096,5.11813
BMA B,IMG_4643_Edited2.PNG,84343,4.18715
BMA B,IMG_4644_Edited2.PNG,36729,1.82338
BMA B,IMG_4645_Edited2.PNG,27305,1.35554
BMA B,IMG_4646_Edited2.PNG,331306,16.44745
BMA B,IMG_4647_Edited2.PNG,260501,12.93238
BMA B,IMG_4648_Edited2.PNG,54821,2.72155
BMA B,IMG_4649_Edited2.PNG,48368,2.40119
BMA B,IMG_4650_Edited2.PNG,252040,12.51234
BMA B,IMG_4651_Edited2.PNG,111969,5.55862
BMA B,IMG_4652_Edited2.PNG,67950,3.37333
BMA B,IMG_4653_Edited2.PNG,55585,2.75948
BMA B,IMG_4654_Edited2.PNG,91048,4.52001
BMA B,IMG_4655_Edited2.PNG,202672,10.0615
BMA B,IMG_4656_Edited2.PNG,357127,17.72931
BMA B,IMG_4657_Edited2.PNG,208039,10.32795
BMA B,IMG_4658_Edited2.PNG,17169,0.85234
BMA B,IMG_4659_Edited2.PNG,168628,8.37141
BMA B,IMG_4660_Edited2.PNG,289287,14.36144
BMA B,IMG_4661_Edited2.PNG,346388,17.19618
BMA C,IMG_4666_Edited2.PNG,55797,2.77
BMA C,IMG_4667_Edited2.PNG,1664,0.08261
BMA C,IMG_4668_Edited2.PNG,33489,1.66254
BMA C,IMG_4669_Edited2.PNG,15655,0.77718
BMA C,IMG_4670_Edited2.PNG,1309,0.06498
BMA C,IMG_4671_Edited2.PNG,6973,0.34617
BMA C,IMG_4672_Edited2.PNG,1289,0.06399
BMA C,IMG_4673_Edited2.PNG,34241,1.69987
BMA C,IMG_4674_Edited2.PNG,1656,0.08221
BMA C,IMG_4675_Edited2.PNG,54445,2.70288
BMA C,IMG_4676_Edited2.PNG,10556,0.52404
BMA C,IMG_4677_Edited2.PNG,5252,0.26073
BMA C,IMG_4678_Edited2.PNG,5053,0.25085
BMA C,IMG_4679_Edited2.PNG,115107,5.7144
BMA C,IMG_4680_Edited2.PNG,64413,3.19774
BMA C,IMG_4681_Edited2.PNG,23042,1.1439
BMA C,IMG_4682_Edited2.PNG,5537,0.27488
BMA C,IMG_4683_Edited2.PNG,11439,0.56788
BMA C,IMG_4684_Edited2.PNG,173597,8.6181
BMA C,IMG_4685_Edited2.PNG,51641,2.56368
BMA C,IMG_4686_Edited2.PNG,1885,0.09358
BMA C,IMG_4688_Edited2.PNG,12495,0.62031
BMA C,IMG_4689_Edited2.PNG,29482,1.46361
BMA C,IMG_4690_Edited2.PNG,32888,1.6327
BMA C,IMG_4691_Edited2.PNG,46689,2.31784
BMA C,IMG_4692_Edited2.PNG,76925,3.81889
BMA C,IMG_4693_Edited2.PNG,21683,1.07644
BMA C,IMG_4694_Edited2.PNG,25766,1.27913
BMA C,IMG_4695_Edited2.PNG,133468,6.62592
BMA C,IMG_4696_Edited2.PNG,73117,3.62984
BMA C,IMG_4697_Edited2.PNG,189319,9.3986
BMA C,IMG_4699_Edited2.PNG,30729,1.52552
BMA C,IMG_4701_Edited2.PNG,148031,7.34889
BMA C,IMG_4702_Edited2.PNG,28287,1.40429
BMA C,IMG_4703_Edited2.PNG,20435,1.01448
BMA C,IMG_4705_Edited2.PNG,219987,10.92109
BMA C,IMG_4706_Edited2.PNG,22092,1.09674
BMA C,IMG_4707_Edited2.PNG,220906,10.96672
BMA C,IMG_4708_Edited2.PNG,219474,10.89563
BMA C,IMG_4709_Edited2.PNG,134317,6.66807
Dedham A,T1 E_Edited2.PNG,92506,1.18578
Dedham A,T1 S_Edited2.PNG,534061,6.84582
Dedham A,T1 W_Edited2.PNG,832740,10.67441
Dedham A,T10 E_Edited2.PNG,494961,6.34462
Dedham A,T10 N_Edited2.PNG,215306,2.75988
Dedham A,T10 S_Edited2.PNG,59974,0.76877
Dedham A,T10 W_Edited2.PNG,140166,1.79671
Dedham A,T2 E_Edited2.PNG,1153916,14.79138
Dedham A,T2 N_Edited2.PNG,1099365,14.09212
Dedham A,T2 S_Edited2.PNG,1799500,23.06674
Dedham A,T2 W_Edited2.PNG,2268601,29.07987
Dedham A,T3 E_Edited2.PNG,1028097,13.17858
Dedham A,T3 N(1)_Edited2.PNG,1213765,15.55855
Dedham A,T3 N_Edited2.PNG,180978,2.31985
Dedham A,T3 S_Edited2.PNG,1511566,19.37588
Dedham A,T3 W_Edited2.PNG,825378,10.58004
Dedham A,T4 E_Edited2.PNG,459131,5.88533
Dedham A,T4 N_Edited2.PNG,374638,4.80227
Dedham A,T4 S_Edited2.PNG,182703,2.34196
Dedham A,T4 W_Edited2.PNG,1311013,16.80511
Dedham A,T5 E_Edited2.PNG,597135,7.65433
Dedham A,T5 N_Edited2.PNG,353471,4.53094
Dedham A,T5 S_Edited2.PNG,299034,3.83314
Dedham A,T5 W_Edited2.PNG,230634,2.95636
Dedham A,T6 E_Edited2.PNG,1119196,14.34632
Dedham A,T6 N_Edited2.PNG,882394,11.31089
Dedham A,T6 S_Edited2.PNG,343642,4.40495
Dedham A,T6 W_Edited2.PNG,351116,4.50075
Dedham A,T7 E_Edited2.PNG,346054,4.43586
Dedham A,T7 N_Edited2.PNG,806209,10.33432
Dedham A,T7 S_Edited2.PNG,232558,2.98103
Dedham A,T7 W_Edited2.PNG,630916,8.08734
Dedham A,T8 E_Edited2.PNG,294659,3.77706
Dedham A,T8 N_Edited2.PNG,460308,5.90042
Dedham A,T8 S_Edited2.PNG,349118,4.47514
Dedham A,T8 W_Edited2.PNG,308803,3.95837
Dedham A,T9 E_Edited2.PNG,261574,3.35296
Dedham A,T9 N_Edited2.PNG,92009,1.17941
Dedham A,T9 S_Edited2.PNG,315639,4.04599
Dedham A,T9 W_Edited2.PNG,350660,4.49491
Dedham B,IMG_2988_Edited2.PNG,686795,8.80363
Dedham B,IMG_2989_Edited2.PNG,966766,12.39241
Dedham B,IMG_2990_Edited2.PNG,1068233,13.69306
Dedham B,IMG_2991_Edited2.PNG,1876621,24.05531
Dedham B,IMG_2993_Edited2.PNG,758314,9.72039
Dedham B,IMG_2994_Edited2.PNG,439083,5.62835
Dedham B,IMG_2995_Edited2.PNG,609708,7.81549
Dedham B,IMG_2996_Edited2.PNG,764830,9.80391
Dedham B,IMG_2997_Edited2.PNG,718258,9.20693
Dedham B,IMG_2998_Edited2.PNG,750537,9.6207
Dedham B,IMG_2999_Edited2.PNG,762862,9.77868
Dedham B,IMG_3001_Edited2.PNG,565675,7.25106
Dedham B,IMG_3003_Edited2.PNG,670638,8.59652
Dedham B,IMG_3004_Edited2.PNG,1092953,14.00993
Dedham B,IMG_3005_Edited2.PNG,1162946,14.90713
Dedham B,IMG_3006_Edited2.PNG,1297393,16.63053
Dedham B,IMG_3009_Edited2.PNG,1250096,16.02425
Dedham B,IMG_3010_Edited2.PNG,1002843,12.85486
Dedham B,IMG_3011_Edited2.PNG,1203513,15.42713
Dedham B,IMG_3012_Edited2.PNG,1310251,16.79534
Dedham B,IMG_3014_Edited2.PNG,1492949,19.13724
Dedham B,IMG_3015_Edited2.PNG,1856685,23.79976
Dedham B,IMG_3016_Edited2.PNG,502351,6.43934
Dedham B,IMG_3017_Edited2.PNG,201254,2.57976
Dedham B,IMG_3020_Edited2.PNG,399219,5.11736
Dedham B,IMG_3021_Edited2.PNG,224151,2.87326
Dedham B,IMG_3022_Edited2.PNG,194869,2.49791
Dedham B,IMG_3023_Edited2.PNG,458695,5.87974
Dedham B,IMG_3025_Edited2.PNG,496036,6.3584
Dedham B,IMG_3026_Edited2.PNG,345505,4.42883
Dedham B,IMG_3028_Edited2.PNG,230902,2.9598
Dedham B,IMG_3029_Edited2.PNG,205878,2.63903
Dedham B,IMG_3032_Edited2.PNG,247761,3.1759
Dedham B,IMG_3033_Edited2.PNG,544644,6.98147
Dedham B,IMG_3034_Edited2.PNG,321723,4.12398
Dedham B,IMG_3035_Edited2.PNG,292597,3.75063
Dedham B,IMG_3038_Edited2.PNG,771900,9.89454
Dedham B,IMG_3040_Edited2.PNG,358529,4.59577
Dedham B,IMG_3041_Edited2.PNG,531484,6.81278
Dedham B,IMG_3042_Edited2.PNG,535246,6.86101
Dedham C,T1 E_Edited2.PNG,1300727,16.67326
Dedham C,T1 N_Edited2.PNG,1147509,14.70925
Dedham C,T1 S_Edited2.PNG,2684768,34.41448
Dedham C,T1 W_Edited2.PNG,1128578,14.46658
Dedham C,T10 E_Edited2.PNG,1281633,16.42851
Dedham C,T10 N_Edited2.PNG,736422,9.43976
Dedham C,T10 S_Edited2.PNG,1028750,13.18695
Dedham C,T10 W_Edited2.PNG,563117,7.21827
Dedham C,T2 E_Edited2.PNG,212978,2.73004
Dedham C,T2 N_Edited2.PNG,403681,5.17455
Dedham C,T2 S_Edited2.PNG,1206375,15.46382
Dedham C,T2 W_Edited2.PNG,1934982,24.80341
Dedham C,T3 E_Edited2.PNG,517687,6.63593
Dedham C,T3 N_Edited2.PNG,540559,6.92911
Dedham C,T3 S_Edited2.PNG,701715,8.99488
Dedham C,T3 W_Edited2.PNG,579246,7.42502
Dedham C,T4 E_Edited2.PNG,1139525,14.60691
Dedham C,T4 N_Edited2.PNG,547837,7.0224
Dedham C,T4 S_Edited2.PNG,515302,6.60536
Dedham C,T4 W_Edited2.PNG,1137731,14.58391
Dedham C,T5 E_Edited2.PNG,885278,11.34786
Dedham C,T5 N_Edited2.PNG,679809,8.71408
Dedham C,T5 S_Edited2.PNG,1182026,15.1517
Dedham C,T5 W_Edited2.PNG,362394,4.64532
Dedham C,T6 E_Edited2.PNG,480087,6.15396
Dedham C,T6 N_Edited2.PNG,893329,11.45106
Dedham C,T6 S_Edited2.PNG,436011,5.58897
Dedham C,T6 W_Edited2.PNG,779361,9.99017
Dedham C,T7 E_Edited2.PNG,696380,8.92649
Dedham C,T7 N_Edited2.PNG,709294,9.09203
Dedham C,T7 S_Edited2.PNG,339488,4.3517
Dedham C,T7 W_Edited2.PNG,274356,3.51681
Dedham C,T8 E_Edited2.PNG,392644,5.03307
Dedham C,T8 N_Edited2.PNG,175756,2.25291
Dedham C,T8 S_Edited2.PNG,218656,2.80282
Dedham C,T8 W_Edited2.PNG,65151,0.83513
Dedham C,T9 E_Edited2.PNG,1309765,16.78911
Dedham C,T9 N_Edited2.PNG,830945,10.6514
Dedham C,T9 S_Edited2.PNG,1303401,16.70754
Dedham C,T9 W_Edited2.PNG,729810,9.35501
Roxbury A,IMG_9868_Edited2.PNG,3456088,22.50057
Roxbury A,IMG_9869_Edited2.PNG,3110819,20.25273
Roxbury A,IMG_9870_Edited2.PNG,1416176,9.2199
Roxbury A,IMG_9871_Edited2.PNG,2207261,14.37019
Roxbury A,IMG_9872_Edited2.PNG,3355666,21.84678
Roxbury A,IMG_9873_Edited2.PNG,2294345,14.93714
Roxbury A,IMG_9874_Edited2.PNG,3155146,20.54132
Roxbury A,IMG_9875_Edited2.PNG,3249963,21.15861
Roxbury A,IMG_9878_Edited2.PNG,377098,2.45507
Roxbury A,IMG_9879_Edited2.PNG,2748329,17.89277
Roxbury A,IMG_9880_Edited2.PNG,1489829,9.69941
Roxbury A,IMG_9881_Edited2.PNG,900454,5.86233
Roxbury A,IMG_9883_Edited2.PNG,378531,2.46439
Roxbury A,IMG_9884_Edited2.PNG,657634,4.28147
Roxbury A,IMG_9885_Edited2.PNG,299885,1.95238
Roxbury A,IMG_9886_Edited2.PNG,215451,1.40268
Roxbury A,IMG_9887_Edited2.PNG,280096,1.82354
Roxbury A,IMG_9888_Edited2.PNG,263318,1.71431
Roxbury A,IMG_9889_Edited2.PNG,213427,1.3895
Roxbury A,IMG_9890_Edited2.PNG,8830,0.05749
Roxbury A,IMG_9891_Edited2.PNG,3336639,21.72291
Roxbury A,IMG_9892_Edited2.PNG,2286268,14.88456
Roxbury A,IMG_9893_Edited2.PNG,2516231,16.38171
Roxbury A,IMG_9894_Edited2.PNG,2040378,13.28371
Roxbury A,IMG_9895_Edited2.PNG,2348639,15.29062
Roxbury A,IMG_9897_Edited2.PNG,3137896,20.42901
Roxbury A,IMG_9898_Edited2.PNG,2404469,15.6541
Roxbury A,IMG_9899_Edited2.PNG,989434,6.44163
Roxbury A,IMG_9900_Edited2.PNG,2293390,14.93092
Roxbury A,IMG_9901_Edited2.PNG,2504359,16.30442
Roxbury A,IMG_9903_Edited2.PNG,2348651,15.2907
Roxbury A,IMG_9904_Edited2.PNG,3349188,21.80461
Roxbury A,IMG_9906_Edited2.PNG,3237491,21.07742
Roxbury A,IMG_9907_Edited2.PNG,4032416,26.25271
Roxbury A,IMG_9908_Edited2.PNG,4634945,30.17542
Roxbury A,IMG_9909_Edited2.PNG,2023795,13.17575
Roxbury A,IMG_9910_Edited2.PNG,2632486,17.13858
Roxbury A,IMG_9911_Edited2.PNG,4819641,31.37787
Roxbury A,IMG_9912_Edited2.PNG,8889272,57.87286
Roxbury A,IMG_9913_Edited2.PNG,5353736,34.85505
WR A,IMG_2580_Edited2.PNG,35968,0.46105
WR A,IMG_3050_Edited2.PNG,826308,10.59196
WR A,IMG_3056_Edited2.PNG,950347,12.18194
WR A,IMG_3061_Edited2.PNG,913778,11.71319
WR A,IMG_3063_Edited2.PNG,546189,7.00128
WR A,IMG_3064_Edited2.PNG,579775,7.4318
WR A,IMG_3065_Edited2.PNG,1660830,21.28921
WR A,IMG_3066_Edited2.PNG,545022,6.98632
WR A,IMG_3067_Edited2.PNG,913296,11.70701
WR A,IMG_3068_Edited2.PNG,828772,10.62355
WR A,IMG_3070_Edited2.PNG,1054633,13.51873
WR A,IMG_3071_Edited2.PNG,1378263,17.66715
WR A,IMG_3073_Edited2.PNG,228204,2.92521
WR A,IMG_3074_Edited2.PNG,781041,10.01171
WR A,IMG_3075_Edited2.PNG,731400,9.37539
WR A,IMG_3076_Edited2.PNG,983717,12.6097
WR A,IMG_3077_Edited2.PNG,1449230,18.57684
WR A,IMG_3078_Edited2.PNG,723495,9.27406
WR A,IMG_3079_Edited2.PNG,289334,3.7088
WR A,IMG_3080_Edited2.PNG,708738,9.0849
WR A,IMG_3081_Edited2.PNG,1198381,15.36135
WR A,IMG_3082_Edited2.PNG,72632,0.93103
WR A,IMG_3083_Edited2.PNG,615023,7.88362
WR A,IMG_3084_Edited2.PNG,634412,8.13216
WR A,IMG_3085_Edited2.PNG,1016368,13.02823
WR A,IMG_3086_Edited2.PNG,479297,6.14383
WR A,IMG_3087_Edited2.PNG,703,0.00901
WR A,IMG_3088_Edited2.PNG,50418,0.64628
WR A,IMG_3089_Edited2.PNG,32093,0.41138
WR A,IMG_3090_Edited2.PNG,126673,1.62375
WR A,IMG_3091_Edited2.PNG,70254,0.90055
WR A,IMG_3092_Edited2.PNG,1696,0.02174
WR A,T1 E_Edited2.PNG,442759,5.67547
WR A,T1 N_Edited2.PNG,1089908,13.9709
WR A,T1 S_Edited2.PNG,478328,6.13141
WR A,T1 W_Edited2.PNG,355524,4.55726
WR A,T10 E_Edited2.PNG,91276,1.17001
WR A,T10 N_Edited2.PNG,1291529,16.55536
WR A,T10 S_Edited2.PNG,825172,10.5774
WR A,T10 W_Edited2.PNG,1033470,13.24745
WR A,T2 E_Edited2.PNG,639065,8.1918
WR A,T2 N_Edited2.PNG,591156,7.57768
WR A,T2 S_Edited2.PNG,379992,4.8709
WR A,T2 W_Edited2.PNG,384675,4.93092
WR A,T3 E_Edited2.PNG,649297,8.32296
WR A,T3 N_Edited2.PNG,745887,9.56109
WR A,T3 S_Edited2.PNG,369940,4.74205
WR A,T3 W_Edited2.PNG,564619,7.23752
WR B,IMG_9799_Edited2.PNG,1135108,7.39003
WR B,IMG_9800_Edited2.PNG,914296,5.95245
WR B,IMG_9801_Edited2.PNG,975937,6.35376
WR B,IMG_9802_Edited2.PNG,1485010,9.66803
WR B,IMG_9804_Edited2.PNG,1575544,10.25745
WR B,IMG_9806_Edited2.PNG,2369355,15.42549
WR B,IMG_9808_Edited2.PNG,2157069,14.04342
WR B,IMG_9809_Edited2.PNG,2113957,13.76274
WR B,IMG_9811_Edited2.PNG,2417031,15.73588
WR B,IMG_9812_Edited2.PNG,1852780,12.06237
WR B,IMG_9813_Edited2.PNG,1549299,10.08658
WR B,IMG_9816_Edited2.PNG,3620743,23.57255
WR B,IMG_9818_Edited2.PNG,1275243,8.30236
WR B,IMG_9820_Edited2.PNG,723855,4.7126
WR B,IMG_9821_Edited2.PNG,682391,4.44265
WR B,IMG_9824_Edited2.PNG,1772123,11.53726
WR B,IMG_9827_Edited2.PNG,378454,2.46389
WR B,IMG_9830_Edited2.PNG,453035,2.94945
WR B,IMG_9831_Edited2.PNG,463948,3.02049
WR B,IMG_9832_Edited2.PNG,621426,4.04574
WR B,IMG_9834_Edited2.PNG,543875,3.54085
WR B,IMG_9835_Edited2.PNG,922617,6.00662
WR B,IMG_9836_Edited2.PNG,880806,5.73441
WR B,IMG_9838_Edited2.PNG,1372464,8.93531
WR B,IMG_9840_Edited2.PNG,1104480,7.19063
WR B,IMG_9841_Edited2.PNG,438058,2.85194
WR B,IMG_9842_Edited2.PNG,552755,3.59867
WR B,IMG_9843_Edited2.PNG,696143,4.53218
WR B,IMG_9845_Edited2.PNG,226034,1.47158
WR B,IMG_9846_Edited2.PNG,1000649,6.51464
WR B,IMG_9847_Edited2.PNG,628418,4.09126
WR B,IMG_9848_Edited2.PNG,499423,3.25145
WR B,IMG_9852_Edited2.PNG,1163019,7.57174
WR B,IMG_9853_Edited2.PNG,712895,4.64124
WR B,IMG_9854_Edited2.PNG,916833,5.96896
WR B,IMG_9855_Edited2.PNG,618517,4.0268
WR B,IMG_9857_Edited2.PNG,377508,2.45773
WR B,IMG_9858_Edited2.PNG,534449,3.47949
WR B,IMG_9859_Edited2.PNG,262063,1.70614
WR B,IMG_9860_Edited2.PNG,515961,3.35912
WR C,2-N_Edited2.PNG,1074925,13.77884
WR C,IMG_2567_Edited2.PNG,707561,9.06981
WR C,IMG_2568_Edited2.PNG,713902,9.15109
WR C,IMG_2569_Edited2.PNG,915718,11.73806
WR C,IMG_2570_Edited2.PNG,1340528,17.18345
WR C,IMG_2571_Edited2.PNG,849190,10.88527
WR C,IMG_2572_Edited2.PNG,775701,9.94326
WR C,IMG_2573_Edited2.PNG,815289,10.45071
WR C,T1-E_Edited2.PNG,945682,12.12215
WR C,T1-N_Edited2.PNG,1496660,19.18481
WR C,T1-S_Edited2.PNG,718024,9.20393
WR C,T1-W_Edited2.PNG,1353805,17.35364
WR C,T10 E_Edited2.PNG,619359,7.9392
WR C,T10 N_Edited2.PNG,361767,4.63728
WR C,T10 S_Edited2.PNG,264908,3.3957
WR C,T10 W_Edited2.PNG,325820,4.1765
WR C,T4 E_Edited2.PNG,906952,11.62569
WR C,T4 S_Edited2.PNG,1563583,20.04266
WR C,T4 W_Edited2.PNG,1486598,19.05583
WR C,T4N_Edited2.PNG,1779834,22.81466
WR C,T5 E_Edited2.PNG,113753,8.13824
WR C,T5 N(1)_Edited2.PNG,2827319,36.24176
WR C,T5 N_Edited2.PNG,4274143,54.78775
WR C,T5 S(1)_Edited2.PNG,963165,12.34625
WR C,T5 S_Edited2.PNG,55340,3.95919
WR C,T5 W_Edited2.PNG,2987194,38.2911
WR C,T7 E_Edited2.PNG,84588,1.08428
WR C,T7 N_Edited2.PNG,413413,5.2993
WR C,T7 S_Edited2.PNG,847434,10.86276
WR C,T7 W_Edited2.PNG,2040286,26.15324
WR C,T8 E_Edited2.PNG,734854,9.41967
WR C,T8 N_Edited2.PNG,393244,5.04077
WR C,T8 S_Edited2.PNG,749884,9.61233
WR C,T8 W_Edited2.PNG,1260577,16.1586
WR C,T9 E_Edited2.PNG,652803,8.3679
WR C,T9 N_Edited2.PNG,979249,12.55242
WR C,T9 S_Edited2.PNG,1686892,21.62329
WR C,T9 W_Edited2.PNG,1602275,20.53863
Brookline A,IMG_4350_Edited2.PNG,69405,3.44556Brookline A,IMG_4360_Edited2.PNG,18934,0.93996Brookline A,IMG_4361_Edited2.PNG,36194,1.79682Brookline A,IMG_4362_Edited2.PNG,32887,1.63265Brookline A,IMG_4365_Edited2.PNG,3278,0.16273Brookline A,IMG_4366_Edited2.PNG,14900,0.7397Brookline A,IMG_4374_Edited2.PNG,7109,0.35292Brookline A,IMG_4375_Edited2.PNG,20426,1.01403Brookline A,IMG_4377_Edited2.PNG,4892,0.24286Brookline A,IMG_4378_Edited2.PNG,31746,1.57601Brookline A,IMG_4381_Edited2.PNG,27059,1.34332Brookline A,IMG_4382_Edited2.PNG,189636,9.41434Brookline A,IMG_4386_Edited2.PNG,100038,4.96631Brookline A,IMG_4388_Edited2.PNG,31803,1.57884Brookline A,IMG_4389_Edited2.PNG,5043,0.25036Brookline A,IMG_4390_Edited2.PNG,15355,0.76229Brookline A,IMG_4391_Edited2.PNG,9555,0.47435Brookline A,IMG_4392_Edited2.PNG,20357,1.01061Brookline A,IMG_4393_Edited2.PNG,25393,1.26062Brookline A,IMG_4394_Edited2.PNG,65017,3.22772Brookline A,IMG_4395_Edited2.PNG,5269,0.26158Brookline A,IMG_4396_Edited2.PNG,23535,1.16838Brookline A,IMG_4397_Edited2.PNG,11286,0.56029Brookline A,IMG_4398_Edited2.PNG,43540,2.16151Brookline A,IMG_4399_Edited2.PNG,16866,0.8373Brookline A,IMG_4401_Edited2.PNG,17188,0.85329Brookline A,IMG_4402_Edited2.PNG,18798,0.93321Brookline A,IMG_4408_Edited2.PNG,18774,0.93202Brookline A,IMG_4409_Edited2.PNG,5642,0.28009Brookline A,IMG_4411_Edited2.PNG,54433,2.70229Brookline A,IMG_4412_Edited2.PNG,58492,2.90379Brookline A,IMG_4415_Edited2.PNG,20367,1.0111Brookline A,IMG_4416_Edited2.PNG,43404,2.15476Brookline A,IMG_4417_Edited2.PNG,20623,1.02381Brookline A,IMG_4418_Edited2.PNG,145907,7.24345Brookline A,IMG_4419_Edited2.PNG,22931,1.13839Brookline A,IMG_4420_Edited2.PNG,36797,1.82676Brookline A,IMG_4421_Edited2.PNG,39189,1.94551Brookline A,IMG_4422_Edited2.PNG,15270,0.75807Brookline A,IMG_4425_Edited2.PNG,39460,1.95896Brookline B,IMG_4426_Edited2.PNG,17271,0.85741Brookline B,IMG_4427_Edited2.PNG,20203,1.00296Brookline B,IMG_4428_Edited2.PNG,12977,0.64423Brookline B,IMG_4429_Edited2.PNG,1551,0.077Brookline B,IMG_4430_Edited2.PNG,10332,0.51292Brookline B,IMG_4431_Edited2.PNG,7354,0.36508Brookline B,IMG_4432_Edited2.PNG,17703,0.87885Brookline B,IMG_4433_Edited2.PNG,11321,0.56202Brookline B,IMG_4434_Edited2.PNG,4385,0.21769Brookline B,IMG_4435_Edited2.PNG,3039,0.15087Brookline B,IMG_4442_Edited2.PNG,15462,0.7676Brookline B,IMG_4443_Edited2.PNG,12801,0.6355Brookline B,IMG_4444_Edited2.PNG,6353,0.31539Brookline B,IMG_4445_Edited2.PNG,26733,1.32714Brookline B,IMG_4446_Edited2.PNG,5146,0.25547Brookline B,IMG_4447_Edited2.PNG,9242,0.45881Brookline B,IMG_4448_Edited2.PNG,13759,0.68306Brookline B,IMG_4449_Edited2.PNG,1967,0.09765Brookline B,IMG_4450_Edited2.PNG,4635,0.2301Brookline B,IMG_4451_Edited2.PNG,6979,0.34647Brookline B,IMG_4452_Edited2.PNG,61917,3.07382Brookline B,IMG_4454_Edited2.PNG,43859,2.17735Brookline B,IMG_4455_Edited2.PNG,4364,0.21665Brookline B,IMG_4456_Edited2.PNG,11256,0.5588Brookline B,IMG_4457_Edited2.PNG,19146,0.95049Brookline B,IMG_4459_Edited2.PNG,2328,0.11557Brookline B,IMG_4460_Edited2.PNG,14849,0.73717Brookline B,IMG_4461_Edited2.PNG,19349,0.96057Brookline B,IMG_4462_Edited2.PNG,14590,0.72431Brookline B,IMG_4463_Edited2.PNG,28567,1.41819Brookline B,IMG_4464_Edited2.PNG,14619,0.72575Brookline B,IMG_4465_Edited2.PNG,4507,0.22375Brookline B,IMG_4466_Edited2.PNG,18864,0.93649Brookline B,IMG_4467_Edited2.PNG,27580,1.36919Brookline B,IMG_4468_Edited2.PNG,27760,1.37813Brookline B,IMG_4469_Edited2.PNG,16521,0.82017Brookline B,IMG_4470_Edited2.PNG,4982,0.24733Brookline B,IMG_4474_Edited2.PNG,88884,4.41258Brookline B,IMG_4475_Edited2.PNG,215720,10.70926Brookline B,IMG_4476_Edited2.PNG,16576,0.8229Brookline C,IMG_4477_Edited2.PNG,74406,3.69383Brookline C,IMG_4478_Edited2.PNG,106127,5.2686Brookline C,IMG_4479_Edited2.PNG,110279,5.47472Brookline C,IMG_4480_Edited2.PNG,285935,14.19504Brookline C,IMG_4481_Edited2.PNG,140787,6.98927Brookline C,IMG_4485_Edited2.PNG,176841,8.77914Brookline C,IMG_4486_Edited2.PNG,98479,4.88892Brookline C,IMG_4487_Edited2.PNG,168034,8.34193Brookline C,IMG_4488_Edited2.PNG,58053,2.882Brookline C,IMG_4489_Edited2.PNG,145433,7.21992Brookline C,IMG_4490_Edited2.PNG,147423,7.31871Brookline C,IMG_4491_Edited2.PNG,68796,3.41533Brookline C,IMG_4492_Edited2.PNG,133090,6.60716Brookline C,IMG_4495_Edited2.PNG,129707,6.43921Brookline C,IMG_4496_Edited2.PNG,54079,2.68471Brookline C,IMG_4497_Edited2.PNG,101759,5.05175Brookline C,IMG_4498_Edited2.PNG,55880,2.77412Brookline C,IMG_4499_Edited2.PNG,139359,6.91838Brookline C,IMG_4500_Edited2.PNG,25791,1.28038Brookline C,IMG_4501_Edited2.PNG,96387,4.78506Brookline C,IMG_4502_Edited2.PNG,92936,4.61374Brookline C,IMG_4503_Edited2.PNG,242043,12.01605Brookline C,IMG_4505_Edited2.PNG,202866,10.07114Brookline C,IMG_4506_Edited2.PNG,78891,3.91649Brookline C,IMG_4507_Edited2.PNG,39603,1.96606Brookline C,IMG_4508_Edited2.PNG,51313,2.5474Brookline C,IMG_4509_Edited2.PNG,35599,1.76729Brookline C,IMG_4510_Edited2.PNG,68440,3.39765Brookline C,IMG_4511_Edited2.PNG,117448,5.83062Brookline C,IMG_4512_Edited2.PNG,129211,6.41459Brookline C,IMG_4513_Edited2.PNG,77195,3.83229Brookline C,IMG_4514_Edited2.PNG,150040,7.44863Brookline C,IMG_4515_Edited2.PNG,122246,6.06881Brookline C,IMG_4517_Edited2.PNG,46264,2.29674Brookline C,IMG_4518_Edited2.PNG,45568,2.26219Brookline C,IMG_4520_Edited2.PNG,48875,2.42636Brookline C,IMG_4521_Edited2.PNG,85415,4.24037Brookline C,IMG_4567_Edited2.PNG,13688,0.67953Brookline C,IMG_4568_Edited2.PNG,110315,5.47651Brookline C,IMG_4569_Edited2.PNG,78766,3.91028